admin,admin,admin,admin,avatars.png,admin,Available,06/06/2024,0,2023-10-13T02:17:06.154706900
puri,Limwongrujirat,Moy,oo,2023-10-08_1696753826265.jpg,user,Available,07/06/2024,0,2023-10-13T16:25:31.186975900
Prariyavit,X,prariyavit,oo,2023-10-12_1697047022294.jpg,user,Available,08/06/2023,0,2023-10-13T02:15:58.029146100
pasin,mos,mammos,oo,2023-10-12_1697047125927.jpg,user,Available,08/06/2023,0,2023-10-13T02:34:26.773554700
Kirb,Kirby,KIRBY888,oo,2023-10-12_1697093912306.gif,user,Available,21/06/2023,2,2023-10-13T11:15:29.703356800
Manjiro,Sano,mikey,888,2023-10-12_1697112248844.gif,user,Banned,24/06/2023,2,2023-10-13T02:14:17.802994
Srettha,Thavisin,Srettha10K,Srettha555,2023-10-13_1697136321800.gif,user,Available,30/06/2023,0,2023-10-13T02:27:40.432429400
Bay,Blade,DoubleBBayBlade,2BBlade,2023-10-13_1697136337340.jpg,user,Available,04/07/2023,0,2023-10-13T02:15:16.970965900
Yossawaj,Limthongkul,YossawajZa,123456789Za,avatars.png,user,Available,07/07/2023,0,2023-10-13T11:56:29.378744200
Satoru,Gojo,HalfGojo,gojojojo,2023-10-13_1697136620871.jpg,user,Available,08/07/2023,0,2023-10-13T02:32:48.409422500
Mami,Poko,MamaMiya,PokoPoko,2023-10-13_1697136665147.png,user,Available,16/07/2023,0,2023-10-13T11:56:01.199572900
Kyojuro,Rengoku,RengokuDonutButter,Goku2222,2023-10-13_1697136743822.jpg,user,Available,18/07/2023,0,2023-10-13T01:52:58.980801600
Yara,Naika,AbeKunG,Abe6666,2023-10-13_1697136859350.jpg,user,Available,22/07/2023,0,2023-10-13T02:26:42.808788200
Uzumaki,Boruto,CryBaby01,IloveDad555,2023-10-13_1697136996765.gif,user,Available,23/07/2023,0,2023-10-13T02:25:56.148461600
Ronaldo,CR7,RonaldoSiuu,Siuuuuu,2023-10-13_1697137061795.gif,user,Available,28/07/2023,0,2023-10-13T11:33:04.704239200
Son,Goku,GalaxyMonkey,Saiya69,2023-10-13_1697140081055.gif,user,Available,01/08/2023,0,2023-10-13T02:49:22.483226300
Minji,Kim,MinjiLuvPuri,purilovelove,2023-10-13_1697140391900.jpg,user,Available,04/08/2023,0,2023-10-13T02:57:07.039118200
